immigration category,Total,Change,Change in percent
All,3129637,30357,0.9794855579360366
Immigrants,586893,24002,4.264058227969536
Non-residents,99964,1648,1.6762276740306767
Other residents,2442780,4707,0.19306230781440917
