age,Total,Change,Change in percent
25-39 years,543326,16033,3.0406244725418317
40-54 years,514273,8071,1.5944227798388784
55-66 years,289989,10163,3.6318998234617226
67 years or older,44085,2837,6.877909231962762
All ages,1606898,48616,3.1198460869085314
Less than 25 years,215225,11512,5.65108755945865
