age,Total,Change,Change in percent
25-39 years,536119,5056,0.9520527696337346
40-54 years,509626,1086,0.21355252290871907
55-66 years,292497,8473,2.983198602934963
67 years or older,44456,2783,6.678184915892785
All ages,1593334,23093,1.4706659678355107
Less than 25 years,210636,5695,2.7788485466548907
