immigration category,Total,Change,Change in percent
All,3069554,25465,0.8365392733261084
Immigrants,586327,24155,4.296727691880776
Non-residents,81804,-5011,-5.772044001612624
Other residents,2401423,6321,0.2639136036795093
