immigration category,Total,Change,Change in percent
All,3037853,195350,6.872464162746706
Immigrants,552467,72196,15.032346321139523
Non-residents,85072,23686,38.585345192714954
Other residents,2400314,99468,4.323105501193909
