age,Total,Change,Change in percent
25-39 years,1028408,12998,1.2800740587545918
40-54 years,985384,3252,0.3311163876138849
55-66 years,558229,15185,2.796274335044674
67 years or older,73112,5083,7.471813491305179
All ages,3085629,47775,1.5726562237684891
Less than 25 years,440496,11257,2.622548277300059
