age,Total,Change,Change in percent
25-39 years,531054,37304,7.555240506329114
40-54 years,508531,21488,4.411930774079496
55-66 years,284027,14806,5.4995709844328635
67 years or older,41676,4575,12.331204010673567
All ages,1570235,105382,7.194032438749827
Less than 25 years,204947,27209,15.308487774139465
