age,Total,Change,Change in percent
25-39 years,531054,37306,7.555676174890835
40-54 years,508531,21488,4.411930774079496
55-66 years,284027,14810,5.501138486796896
67 years or older,41676,4575,12.331204010673567
All ages,1570235,105382,7.194032438749827
Less than 25 years,204947,27203,15.304595373120893
