age,Total,Change,Change in percent
25-39 years,490830,4912,1.0108701468148946
40-54 years,471574,-26,-0.00551314673452078
55-66 years,263400,5863,2.276566085649829
67 years or older,26274,1630,6.614186008764811
All ages,1508263,13633,0.9121320995831744
Less than 25 years,256185,1254,0.49189780764206786
