age,Total,Change,Change in percent
25-39 years,474658,22745,5.033048396483394
40-54 years,467920,10381,2.2688776257324514
55-66 years,255107,8306,3.3654644835312664
67 years or older,25185,3820,17.87970980575708
All ages,1434052,70662,5.182816362156096
Less than 25 years,211182,25410,13.678056973063757
