age,Total,Change,Change in percent
25-39 years,517643,28189,5.7592746202911815
40-54 years,498230,14083,2.908827277665668
55-66 years,277218,12463,4.707370965609715
67 years or older,38486,4062,11.799907041598884
All ages,1524557,77874,5.382934616636817
Less than 25 years,192980,19077,10.96990851221658
