age,Total,Change,Change in percent
25-39 years,538976,2971,0.5542858741989347
40-54 years,508001,553,0.108976683325188
55-66 years,292226,8115,2.856278004019556
67 years or older,42883,2876,7.188741970155223
All ages,1621374,16724,1.0422210450877138
Less than 25 years,239288,2209,0.9317569249068877
