age,Total,Change,Change in percent
25-39 years,543887,561,0.1032529273401236
40-54 years,513446,-827,-0.16080953112451946
55-66 years,298386,8397,2.895627075509761
67 years or older,47192,3107,7.04774866734717
All ages,1620602,13704,0.8528232656957692
Less than 25 years,217691,2466,1.1457776745266581
