immigration category,Total,Change,Change in percent
All,3133402,31427,1.0131287325010678
Immigrants,597124,25470,4.455492308284382
Non-residents,90969,-4406,-4.619659239842726
Other residents,2445309,10363,0.4255946538444795
