age,Total,Change,Change in percent
25-39 years,494763,10456,2.1589611548047003
40-54 years,478790,3733,0.7858004407892105
55-66 years,262611,5941,2.314645264347216
67 years or older,28025,1793,6.835163159499848
All ages,1495074,31206,2.1317495839788836
Less than 25 years,230885,9283,4.189041615147878
