age,Total,Change,Change in percent
25-39 years,1011606,42022,4.334023663756828
40-54 years,981270,19981,2.078563262452811
55-66 years,536496,18209,3.5133044047024136
67 years or older,67475,5809,9.420101838938798
All ages,3022156,125969,4.349477433604943
Less than 25 years,425309,39948,10.366383728503923
