age,Total,Change,Change in percent
25-39 years,484352,27964,6.127242609358704
40-54 years,473598,14117,3.0723794890321905
55-66 years,259014,9409,3.7695558983193447
67 years or older,26362,3023,12.952568661896397
All ages,1467618,89968,6.530541138895946
Less than 25 years,224292,35455,18.775451844712634
