immigration category,Total,Change,Change in percent
All,3037853,195350,6.872464162746706
Immigrants,552467,72192,15.031388267138619
Non-residents,85072,23688,38.58986054998045
Other residents,2400314,99470,4.3231961836613
