immigration category,Total,Change,Change in percent
All,3101975,79819,2.6411277247104388
Immigrants,571657,35497,6.620598328857058
Non-residents,95381,13369,16.3012729844413
Other residents,2434937,30953,1.2875709655305525
