immigration category,Total,Change,Change in percent
All,3101975,79818,2.6410937618396395
Immigrants,571654,35494,6.6200387943897345
Non-residents,95375,13362,16.292538987721457
Other residents,2434946,30962,1.2879453440621902
