age,Total,Change,Change in percent
25-39 years,484352,27960,6.126312468229067
40-54 years,473598,14118,3.072603813006007
55-66 years,259014,9413,3.771218865309033
67 years or older,26362,3022,12.947729220222792
All ages,1467618,89968,6.530541138895946
Less than 25 years,224292,35455,18.775451844712634
