age,Total,Change,Change in percent
25-39 years,1043797,5711,0.5501470976393092
40-54 years,992354,-709,-0.07139526898092065
55-66 years,567577,14974,2.7097210836712793
67 years or older,77156,5046,6.9976424906393015
All ages,3133402,31427,1.0131287325010678
Less than 25 years,452518,6405,1.4357348922806554
