age,Total,Change,Change in percent
25-39 years,488064,13406,2.824349320984793
40-54 years,474559,6639,1.418832279022055
55-66 years,262644,7543,2.9568680640217013
67 years or older,26740,1549,6.1490214759239405
All ages,1473731,39679,2.766915007266124
Less than 25 years,221724,10542,4.9919027189817315
