age,Total,Change,Change in percent
25-39 years,1018871,26573,2.67792538128667
40-54 years,980733,14586,1.5097081500020184
55-66 years,550676,18351,3.4473301084863572
67 years or older,68268,4594,7.214875773471119
All ages,3044089,85480,2.889195564537254
Less than 25 years,425541,21376,5.2889290265114495
