age,Total,Change,Change in percent
25-39 years,484314,21700,4.6907356889328895
40-54 years,475066,10775,2.320742810004932
55-66 years,256666,7532,3.023272616343012
67 years or older,26228,2693,11.442532398555343
All ages,1463873,65969,4.719136650299306
Less than 25 years,221599,23269,11.73246609186709
