immigration category,Total,Change,Change in percent
All,2958609,148536,5.285841328677226
First generation immigrants without Norwegian background,526286,58810,12.580324979250271
Non-residents,75188,8177,12.202474220650341
Other residents,2357135,81549,3.5836483437672753
