age,Total,Change,Change in percent
25-39 years,1038086,26479,2.6175184631976647
40-54 years,993063,11804,1.202944380637528
55-66 years,552603,16104,3.001683134544519
67 years or older,72110,4630,6.861292234736219
All ages,3101975,79818,2.6410937618396395
Less than 25 years,446113,20801,4.890762546083816
