immigration category,Total,Change,Change in percent
All,3022156,125969,4.349477433604943
First generation immigrants without Norwegian background,536161,52129,10.769742496363877
Non-residents,82012,-197,-0.239633130192558
Other residents,2403983,74037,3.177627292649701
