immigration category,Total,Change,Change in percent
All,3099282,117810,3.9514038703029915
Immigrants,562894,48633,9.456871121862246
Non-residents,98315,22565,29.78877887788779
Other residents,2438073,46612,1.9491014070478256
