immigration category,Total,Change,Change in percent
All,3085629,47775,1.5726562237684891
Immigrants,579799,27332,4.947263818472416
Non-residents,88114,3038,3.5709248201607973
Other residents,2417716,17405,0.7251143705961436
