age,Total,Change,Change in percent
25-39 years,485920,17362,3.705411069707486
40-54 years,471597,8605,1.858563430901614
55-66 years,257534,7319,2.925084427392443
67 years or older,24647,1546,6.692350980477036
All ages,1494632,50342,3.4855880744171874
Less than 25 years,254934,15510,6.478047313552526
