age,Total,Change,Change in percent
25-39 years,530807,13167,2.543659686268449
40-54 years,506174,7947,1.5950560688200357
55-66 years,288032,10808,3.898652353331602
67 years or older,41528,3045,7.912584777694047
All ages,1570358,45801,3.0042169626980164
Less than 25 years,203817,10834,5.613965997004917
