age,Total,Change,Change in percent
25-39 years,1021922,40549,4.1318642351073445
40-54 years,979051,21541,2.249689298284091
55-66 years,541645,19286,3.692096814642803
67 years or older,64648,4867,8.141382713571202
All ages,3099282,117810,3.9514038703029915
Less than 25 years,492016,31567,6.855699545443686
