immigration category,Total,Change,Change in percent
All,3113073,27444,0.8894134712889981
Immigrants,599872,20073,3.4620618524695628
Non-residents,86790,-1324,-1.50259890596273
Other residents,2426411,8695,0.3596369466058048
