age,Total,Change,Change in percent
25-39 years,527292,20322,4.008521214273034
40-54 years,506204,9206,1.8523213373092045
55-66 years,279830,10677,3.9668887212849198
67 years or older,41247,3116,8.171828695811808
All ages,1558283,60000,4.004583913719905
Less than 25 years,203710,16679,8.917772989504414
