immigration category,Total,Change,Change in percent
All,3153063,19661,0.6274649725761329
Immigrants,615432,18308,3.066029836348899
Non-residents,88858,-2111,-2.3205707438797836
Other residents,2448773,3464,0.14165898870040555
