age,Total,Change,Change in percent
25-39 years,1015406,65270,6.869542886492039
40-54 years,982129,35605,3.7616584471180867
55-66 years,543041,24219,4.668074985255059
67 years or older,68038,7598,12.571144937127729
All ages,3037853,195350,6.872464162746706
Less than 25 years,429239,62658,17.09253889317777
