immigration category,Total,Change,Change in percent
All,3044089,85480,2.889195564537254
Immigrants,562172,35889,6.819334844560816
Non-residents,86815,11624,15.45929699033129
Other residents,2395102,37967,1.6107265812098162
