immigration category,Total,Change,Change in percent
All,3163511,33874,1.08236194804701
Immigrants,608824,21931,3.736796997067609
Non-residents,100511,547,0.54719699091673
Other residents,2454176,11396,0.466517656113117
