age,Total,Change,Change in percent
25-39 years,494760,10446,2.1568651742464597
40-54 years,478790,3733,0.7858004407892105
55-66 years,262614,5941,2.314618210719476
67 years or older,28025,1793,6.835163159499848
All ages,1495077,31202,2.1314661429425326
Less than 25 years,230888,9289,4.191805919701803
