year,Annual earnings (NOK 1 000),Annual earnings. Change from previous year (per cent),Real wage growth
2011,453.6,4.2,2.840127790242053
2012,472.0,4.0,3.391540026257789
2013,490.6,3.9,1.772989165974459
2014,505.6,3.1,0.9521184166310315
2015,519.8,2.8,0.6495648734177184
2016,528.9,1.7,-1.7850643475883943
2017,541.0,2.3,0.4456177042758247
2018,556.3,2.8,0.0771599675331025
2019,575.7,3.5,1.245724231335088
2020,593.5,3.1,1.8055365908107524
2021,614.3,3.5,0.027733695569365224
