immigration category,Total,Change,Change in percent
All,3069554,25470,0.8367049003903966
Immigrants,586327,24163,4.298211909691833
Non-residents,81804,-5017,-5.778555879337948
Other residents,2401423,6324,0.2640391900293057
