age,Total,Change,Change in percent
25-39 years,992301,50934,5.410642183123054
40-54 years,966150,24464,2.5978935653710473
55-66 years,532325,20769,4.059966064321404
67 years or older,63671,7882,14.128233164243847
All ages,2958609,148536,5.285841328677226
Less than 25 years,404162,44487,12.368666156947244
