age,Total,Change,Change in percent
25-39 years,1038092,26486,2.618213019693438
40-54 years,993060,11801,1.2026386509575964
55-66 years,552597,16101,3.0011407354388475
67 years or older,72107,4627,6.856846473029046
All ages,3101975,79819,2.6411277247104388
Less than 25 years,446119,20804,4.89143340817982
