age,Total,Change,Change in percent
25-39 years,499910,5150,1.040908723421457
40-54 years,478908,118,0.02464546043150442
55-66 years,269191,6577,2.5044361686734145
67 years or older,29964,1939,6.918822479928635
All ages,1512800,17723,1.1854238945552638
Less than 25 years,234827,3939,1.7060219673607984
