age,Total,Change,Change in percent
25-39 years,536002,23187,4.5215136062712675
40-54 years,507454,12936,2.6158805139550028
55-66 years,284111,11967,4.397304368275619
67 years or older,40001,3321,9.053980370774264
All ages,1604650,67468,4.389070389843233
Less than 25 years,237082,16057,7.264789051012328
