age,Total,Change,Change in percent
25-39 years,1029806,7883,0.7713888424078919
40-54 years,979575,527,0.05382780006700387
55-66 years,555626,13978,2.580642779074233
67 years or older,69157,4506,6.969729779895129
All ages,3129637,30357,0.9794855579360366
Less than 25 years,495473,3463,0.7038474827747404
