Time,Denmark,Euro area (19 countries),Finland,Germany,Norway,OECD - Total,Sweden,United States,Fastlands-Norge
2015,100.0,100.0,100.0,100.0,100.0,100.0,100.0,100.0,100.0
2016,101.19061,100.272737,102.349147,101.355337,100.57725799999999,100.49830099999998,99.384945,100.302963,100.07843137254902
2017,103.08194100000001,101.78482900000002,104.93291,103.162111,102.51813699999998,102.177332,100.270459,101.258731,101.6470588235294
2018,105.35078600000001,101.889549,103.698089,103.375684,102.017169,103.13587600000001,100.63700500000002,102.326631,102.35294117647058
2019,106.133113,102.566964,103.61241199999999,104.16279099999998,101.245155,104.32048499999999,102.93408600000001,103.590779,102.98039215686275
2020,107.22729,104.530067,103.940966,105.18509,102.662632,108.23230800000002,104.029507,106.263359,102.58823529411765
2021,108.29518499999999,104.351882,104.298407,106.10041099999998,104.13538700000001,106.587863,106.65919399999999,107.315786,0.0
