Time,Denmark,Euro area (19 countries),Finland,Germany,Norway,OECD - Total,Sweden,United States,Fastlands-Norge
2015,100.0,100.0,100.0,100.0,100.0,100.0,100.0,100.0,100.0
2016,101.19061,100.27377399999999,102.349147,101.355337,100.57725799999999,100.642788,99.384945,100.302963,101.37875101378751
2017,103.08194100000001,101.78562799999999,104.93291,103.162111,102.51813699999998,102.1988,100.270459,101.20125300000001,102.10867802108679
2018,105.35078600000001,101.885145,103.698089,103.375684,102.017169,103.20171,100.63700500000002,102.3422,102.91970802919708
2019,106.133113,102.565609,103.61241199999999,104.16279099999998,101.245155,104.364275,102.93408600000001,103.58171299999998,102.91970802919708
2020,107.227289,104.753651,103.940966,105.18509,102.740881,108.23588,104.029507,107.111176,102.59529602595296
2021,108.29518499999999,104.55310300000001,104.298407,106.10041099999998,104.238747,107.33627999999999,106.65183300000001,108.38661499999999,104.0551500405515
