Time,Denmark,Euro area (19 countries),Finland,Germany,Norway,OECD - Total,Sweden,United States,Fastlands-Norge
2015,100.0,100.0,100.0,100.0,100.0,100.0,100.0,100.0,100.0
2016,101.19061,100.26770499999999,102.402464,101.355337,100.66996799999998,100.63373199999998,99.384945,100.302963,101.37875101378751
2017,103.08194100000001,101.78713900000001,104.96532299999998,103.162111,102.753489,102.202704,100.270459,101.20125300000001,102.10867802108679
2018,105.35078600000001,101.88458599999998,103.73012099999998,103.375684,101.958227,103.19066700000002,100.63700500000002,102.3422,102.91970802919708
2019,106.133113,102.557319,104.021717,104.113236,101.56626199999998,104.323692,102.93408600000001,103.58171299999998,102.91970802919708
2020,106.725461,104.82831799999998,104.199854,105.31975,102.48436199999999,108.289431,104.029507,107.111176,102.59529602595296
2021,107.51366300000001,104.752293,105.55428200000001,105.93029,103.99596700000001,107.59414200000002,107.69838700000001,108.38661499999999,104.0551500405515
2022,106.08518200000002,104.682449,106.071557,106.460679,103.376935,107.047971,108.207913,107.157446,
