Time,Denmark,Euro area (19 countries),Finland,Germany,Norway,OECD - Total,Sweden,United States,Fastlands-Norge
2015,100.0,100.0,100.0,100.0,100.0,100.0,100.0,100.0,100.0
2016,101.19061,100.26770499999999,102.402464,101.355337,100.66996799999998,100.466091,99.384945,100.357381,101.37875101378751
2017,103.08194100000001,101.78713900000001,104.96532299999998,103.162111,102.753489,102.093228,100.270459,101.47377,102.10867802108679
2018,105.35078600000001,101.88458599999998,103.73012099999998,103.375684,101.958196,103.117597,100.63700500000002,102.79121899999998,102.91970802919708
2019,106.133113,102.557733,104.021717,104.113236,101.56626199999998,104.299111,102.93408600000001,104.18055399999999,102.91970802919708
2020,106.725461,104.82858100000001,104.199854,105.31975,102.48436199999999,108.606168,104.029507,108.932658,102.59529602595296
2021,107.51366300000001,104.752417,105.213847,105.93029,104.00626500000001,108.01431700000002,107.69838700000001,110.427758,104.0551500405515
2022,106.08518200000002,104.68310300000002,105.759431,106.460679,103.125437,107.286305,108.292036,108.65482,
2023,,,,105.53626,,,,,
