Time,Denmark,Euro area (19 countries),Finland,Germany,Norway,OECD - Total,Sweden,United States,Fastlands-Norge
2015,100.0,100.0,100.0,100.0,100.0,100.0,100.0,100.0,100.0
2016,101.19061,100.29882,102.349147,101.355337,100.57725799999999,100.546877,99.401676,100.302963,100.07843137254902
2017,103.08194100000001,101.81739,104.924754,103.162111,102.51813699999998,102.140598,100.32797,101.258731,101.6470588235294
2018,105.35078600000001,101.899235,103.725411,103.20308499999999,102.017169,103.172171,100.65713199999999,102.326631,102.35294117647058
2019,106.869184,102.49207599999998,103.568273,103.582387,101.245155,104.50069900000001,103.03376200000001,103.590779,102.98039215686275
2020,107.688008,104.06451300000002,103.26392800000002,103.97942,102.662632,107.89915,103.29999400000001,106.263359,102.58823529411765
