Time,Denmark,Euro area (19 countries),Finland,Germany,Norway,OECD - Total,Sweden,United States,Fastlands-Norge
2015,100.0,100.0,100.0,100.0,100.0,100.0,100.0,100.0,100.0
2016,101.19061,100.29903300000001,102.349147,101.355337,100.57725799999999,100.546877,99.401676,100.302963,100.07843137254902
2017,103.08194100000001,101.817265,104.924754,103.162111,102.51813699999998,102.140598,100.32797,101.258731,101.6470588235294
2018,105.35078600000001,101.899024,103.725411,103.20308499999999,102.017169,103.17370400000001,100.65713199999999,102.326631,102.35294117647058
2019,106.869184,102.501352,103.568273,103.582387,101.245155,104.53352899999999,103.03376200000001,103.590779,102.98039215686275
2020,107.688008,104.078928,103.67737299999999,103.97942,102.662632,107.85924,103.29999400000001,106.263359,102.58823529411765
2021,,104.125668,,104.943674,,,,,0.0
