,Faktisk utvikling,SSB,NAV,Konsensus
2017,69.7,,,
2018,70.2,,,
2019,70.5,,,
2020,70.4,,,
2021,72.1,,,
2022,72.6,,,
2023,72.8,,,
2024,72.45,72.2,72.7,72.45
2025,72.19999999999999,72.1,72.3,72.19999999999999
2026,72.4,72.4,,72.4
2027,72.5,72.5,,72.5
