,Faktisk utvikling,SSB,FIN,NAV,IMF,OECD,LO,NHO,DNB,SEB,Konsensus
2017,4.2,,,,,,,,,,
2018,3.8,,,,,,,,,,
2019,3.7,,,,,,,,,,
2020,4.6,,,,,,,,,,
2021,4.4,,,,,,,,,,
2022,3.2,,,,,,,,,,
2023,3.6,,,,,,,,,,
2024,3.8600000000000003,4.1,3.8,4.0,3.8,3.7,4.1,3.9,4.0,3.9,3.8600000000000003
2025,3.8599999999999994,4.2,3.9,4.1,3.8,3.7,4.2,4.0,4.1,3.7,3.8599999999999994
2026,4.2,4.1,,,,,4.2,3.8,4.1,,4.2
2027,,4.0,,,,,,,4.1,,
