,Faktisk utvikling,SSB,Norges Bank,FIN,NAV,NHO,LO,DNB,Danske Bank,Swedbank,Konsensus
2015,0.4,,,,,,,,,,
2016,0.3,,,,,,,,,,
2017,1.1,,,,,,,,,,
2018,1.6,,,,,,,,,,
2019,1.6,,,,,,,,,,
2020,-1.5,,,,,,,,,,
2021,1.2,,,,,,,,,,1.2
2022,,3.8,3.5,3.3,2.8,3.6,3.3,2.7,3.6,3.2,3.3111111111111113
2023,,0.0,-0.4,0.8,0.0,0.5,0.0,0.1,0.3,-0.8,0.05555555555555555
2024,,0.2,-0.1,0.3,0.0,0.5,0.0,0.1,,0.5,0.1875
2025,,-0.2,0.5,,,,-0.2,0.0,,,0.024999999999999994
