,Faktisk utvikling,SSB,Norges Bank,FIN,NAV,OECD,NHO,DNB,Danske Bank,Swedbank,Konsensus
2015,0.4,,,,,,,,,,
2016,0.3,,,,,,,,,,
2017,1.1,,,,,,,,,,
2018,1.6,,,,,,,,,,
2019,1.6,,,,,,,,,,
2020,-1.5,,,,,,,,,,
2021,1.2,,,,,,,,,,1.2
2022,,2.9,3.3,3.0,3.1,3.0,2.5,2.8,2.7,2.4,2.855555555555555
2023,,1.1,0.5,0.8,0.9,0.6,1.1,0.5,0.7,0.6,0.7555555555555555
2024,,0.3,0.2,,,,0.9,0.2,,,0.39999999999999997
2025,,0.1,0.2,,,,,0.1,,,0.13333333333333333
