,Faktisk utvikling,SSB,Norges Bank,FIN,NAV,NHO,LO,DNB,Danske Bank,Swedbank,Konsensus
2015,0.4,,,,,,,,,,
2016,0.3,,,,,,,,,,
2017,1.1,,,,,,,,,,
2018,1.6,,,,,,,,,,
2019,1.6,,,,,,,,,,
2020,-1.5,,,,,,,,,,
2021,1.2,,,,,,,,,,1.2
2022,,3.3,3.5,3.3,3.1,3.6,3.3,2.7,3.6,3.2,3.288888888888889
2023,,0.1,-0.4,0.8,0.9,0.5,0.0,0.1,0.3,-0.8,0.16666666666666663
2024,,0.3,-0.1,0.3,,0.5,0.0,0.1,,0.5,0.2285714285714286
2025,,-0.5,0.5,,,,-0.2,0.0,,,-0.05
