,Faktisk utvikling,SSB,Norges Bank,FIN,NAV,LO,NHO,DNB,Danske Bank,Handelsbanken,Konsensus
2017,1.1,,,,,,,,,,
2018,1.6,,,,,,,,,,
2019,1.6,,,,,,,,,,
2020,-1.5,,,,,,,,,,
2021,1.1,,,,,,,,,,
2022,3.9,,,,,,,,,,
2023,1.3,,,,,,,,,,
2024,0.33999999999999997,0.2,0.4,0.5,0.3,0.0,0.3,0.4,-0.1,0.5,0.33999999999999997
2025,0.28,0.6,0.4,0.5,0.2,-0.2,0.4,0.5,0.4,0.5,0.28
2026,0.5333333333333333,0.9,0.6,,,0.4,1.0,0.7,,0.6,0.5333333333333333
2027,1.0,0.6,1.0,,,,,0.9,,,1.0
