,Faktisk utvikling,SSB,Norges Bank,FIN,Danske Bank,DNB,Handelsbanken,Nordea,SEB,Konsensus
2017,2.3,,,,,,,,,
2018,2.8,,,,,,,,,
2019,3.5,,,,,,,,,
2020,3.1,,,,,,,,,
2021,3.5,,,,,,,,,
2022,4.3,,,,,,,,,
2023,5.2,,,,,,,,,
2024,5.166666666666667,5.2,4.9,5.2,4.7,5.1,5.2,5.2,5.3,5.166666666666667
2025,4.340000000000001,4.6,4.3,,3.5,4.2,4.3,4.5,4.0,4.340000000000001
2026,3.866666666666667,4.2,3.7,,,4.0,3.7,,,3.866666666666667
2027,3.55,3.7,3.4,,,3.8,,,,3.55
