,Faktisk utvikling,SSB,NAV,Swedbank,Konsensus
2015,71.9,,,,
2016,71.3,,,,
2017,70.6,,,,
2018,71.1,,,,
2019,71.4,,,,
2020,71.3,,,,
2021,72.1,,,,72.1
2022,,72.6,72.5,70.5,71.86666666666666
2023,,73.1,72.8,70.0,71.96666666666665
2024,,73.0,,70.0,71.5
2025,,72.7,,,72.7
