,Faktisk utvikling,SSB,FIN,NAV,IMF,OECD,NHO,LO,DNB,SEB,Konsensus
2015,4.7,,,,,,,,,,
2016,4.9,,,,,,,,,,
2017,4.4,,,,,,,,,,
2018,4.0,,,,,,,,,,
2019,3.9,,,,,,,,,,
2020,4.7,,,,,,,,,,
2021,4.4,,,,,,,,,,4.4
2022,,3.0,3.3,3.2,3.9,2.8,3.1,3.5,3.2,3.1,3.2333333333333334
2023,,3.2,3.2,3.3,3.8,2.8,3.1,3.5,3.5,3.2,3.288888888888889
2024,,3.3,,,3.7,,3.4,,3.9,,3.575
2025,,3.4,,,3.7,,,,4.2,,3.766666666666667
