,Faktisk utvikling,SSB,FIN,NAV,IMF,OECD,NHO,LO,DNB,SEB,Konsensus
2015,4.7,,,,,,,,,,
2016,4.9,,,,,,,,,,
2017,4.4,,,,,,,,,,
2018,4.0,,,,,,,,,,
2019,3.9,,,,,,,,,,
2020,4.7,,,,,,,,,,
2021,4.4,,,,,,,,,,4.4
2022,,3.3,3.2,3.3,3.9,3.3,3.1,3.3,3.2,3.2,3.3111111111111113
2023,,3.6,3.2,3.7,3.8,3.6,3.4,3.6,3.5,3.6,3.5555555555555554
2024,,3.7,3.4,3.9,3.7,3.7,3.7,3.9,3.9,4.0,3.7666666666666657
2025,,4.2,,,,,,4.1,4.2,,4.166666666666667
