,Faktisk utvikling,SSB,FIN,Norges Bank,Danske Bank,DNB,Handelsbanken,Nordea,SEB,Swedbank,Konsensus
2015,2.8,,,,,,,,,,
2016,1.7,,,,,,,,,,
2017,2.3,,,,,,,,,,
2018,2.8,,,,,,,,,,
2019,3.5,,,,,,,,,,
2020,3.1,,,,,,,,,,
2021,3.5,,,,,,,,,,3.5
2022,,3.9,3.9,3.9,4.1,4.0,3.9,4.5,4.1,4.1,4.044444444444444
2023,,4.7,4.2,4.7,4.2,4.8,4.6,5.0,4.7,3.8,4.522222222222222
2024,,3.8,,4.3,,4.5,4.0,4.0,3.6,3.0,3.885714285714286
2025,,3.5,,4.0,,4.0,,,,,3.8333333333333335
