alder,Antall,Endring i antall,Endring i prosent
25-39 år,490830,4912,1.0108701468148946
40-54 år,471574,-26,-0.00551314673452078
55-66 år,263400,5863,2.276566085649829
67 år eller eldre,26274,1630,6.614186008764811
Alle aldre,1508263,13633,0.9121320995831744
Under 25 år,256185,1254,0.49189780764206786
