alder,Antall,Endring i antall,Endring i prosent
25-39 år,527292,20322,4.008521214273034
40-54 år,506204,9206,1.8523213373092045
55-66 år,279830,10677,3.9668887212849198
67 år eller eldre,41247,3116,8.171828695811808
Alle aldre,1558283,60000,4.004583913719905
Under 25 år,203710,16679,8.917772989504414
