alder,Antall,Endring i antall,Endring i prosent
25-39 år,1038086,26479,2.6175184631976647
40-54 år,993063,11804,1.202944380637528
55-66 år,552603,16104,3.001683134544519
67 år eller eldre,72110,4630,6.861292234736219
Alle aldre,3101975,79818,2.6410937618396395
Under 25 år,446113,20801,4.890762546083816
