alder,Antall,Endring i antall,Endring i prosent
25-39 år,1028408,12998,1.2800740587545918
40-54 år,985384,3252,0.3311163876138849
55-66 år,558229,15185,2.796274335044674
67 år eller eldre,73112,5083,7.471813491305179
Alle aldre,3085629,47775,1.5726562237684891
Under 25 år,440496,11257,2.622548277300059
