innvandringskategori,Antall,Endring i antall,Endring i prosent
Alle,2958609,148536,5.285841328677226
Ikke bosatte,75188,8177,12.202474220650341
Innvandrere,526286,58810,12.580324979250271
Øvrige bosatte,2357135,81549,3.5836483437672753
