alder,Antall,Endring i antall,Endring i prosent
25-39 år,468552,23389,5.25403054611457
40-54 år,462995,10920,2.415528396836808
55-66 år,250216,7961,3.2862066830405974
67 år eller eldre,23101,2626,12.825396825396826
Alle aldre,1444288,71413,5.2017117363197665
Under 25 år,239424,26517,12.45473375699249
