alder,Antall,Endring i antall,Endring i prosent
25-39 år,484352,27964,6.127242609358704
40-54 år,473598,14117,3.0723794890321905
55-66 år,259014,9409,3.7695558983193447
67 år eller eldre,26362,3023,12.952568661896397
Alle aldre,1467618,89968,6.530541138895946
Under 25 år,224292,35455,18.775451844712634
