alder,Antall,Endring i antall,Endring i prosent
25-39 år,485920,17362,3.705411069707486
40-54 år,471597,8605,1.858563430901614
55-66 år,257534,7319,2.925084427392443
67 år eller eldre,24647,1546,6.692350980477036
Alle aldre,1494632,50342,3.4855880744171874
Under 25 år,254934,15510,6.478047313552526
