innvandringskategori,Antall,Endring i antall,Endring i prosent
Alle,3069554,25465,0.8365392733261084
Ikke bosatte,81804,-5011,-5.772044001612624
Innvandrere,586327,24155,4.296727691880776
Øvrige bosatte,2401423,6321,0.2639136036795093
