alder,Antall,Endring i antall,Endring i prosent
25-39 år,531054,37306,7.555676174890835
40-54 år,508531,21488,4.411930774079496
55-66 år,284027,14810,5.501138486796896
67 år eller eldre,41676,4575,12.331204010673567
Alle aldre,1570235,105382,7.194032438749827
Under 25 år,204947,27203,15.304595373120893
