alder,Antall,Endring i antall,Endring i prosent
25-39 år,484352,27960,6.126312468229067
40-54 år,473598,14118,3.072603813006007
55-66 år,259014,9413,3.771218865309033
67 år eller eldre,26362,3022,12.947729220222792
Alle aldre,1467618,89968,6.530541138895946
Under 25 år,224292,35455,18.775451844712634
