alder,Antall,Endring i antall,Endring i prosent
25-39 år,1029806,7883,0.7713888424078919
40-54 år,979575,527,0.05382780006700387
55-66 år,555626,13978,2.580642779074233
67 år eller eldre,69157,4506,6.969729779895129
Alle aldre,3129637,30357,0.9794855579360366
Under 25 år,495473,3463,0.7038474827747404
