alder,Antall,Endring i antall,Endring i prosent
25-39 år,992301,50934,5.410642183123054
40-54 år,966150,24464,2.5978935653710473
55-66 år,532325,20769,4.059966064321404
67 år eller eldre,63671,7882,14.128233164243847
Alle aldre,2958609,148536,5.285841328677226
Under 25 år,404162,44487,12.368666156947244
