innvandringskategori,Antall,Endring i antall,Endring i prosent
Alle,3163511,33874,1.08236194804701
Ikke bosatte,100511,547,0.54719699091673
Innvandrere,608824,21931,3.736796997067609
Øvrige bosatte,2454176,11396,0.466517656113117
