innvandringskategori,Antall,Endring i antall,Endring i prosent
Alle,3037853,195350,6.872464162746706
Ikke bosatte,85072,23686,38.585345192714954
Innvandrere,552467,72196,15.032346321139523
Øvrige bosatte,2400314,99468,4.323105501193909
