innvandringskategori,Antall,Endring i antall,Endring i prosent
Alle,3099282,117810,3.9514038703029915
Ikke bosatte,98315,22565,29.78877887788779
Innvandrere,562894,48633,9.456871121862246
Øvrige bosatte,2438073,46612,1.9491014070478256
