innvandringskategori,Antall,Endring i antall,Endring i prosent
Alle,3044089,85480,2.889195564537254
Ikke bosatte,86815,11624,15.45929699033129
Innvandrere,562172,35889,6.819334844560816
Øvrige bosatte,2395102,37967,1.6107265812098162
