alder,Antall,Endring i antall,Endring i prosent
25-39 år,494760,10446,2.1568651742464597
40-54 år,478790,3733,0.7858004407892105
55-66 år,262614,5941,2.314618210719476
67 år eller eldre,28025,1793,6.835163159499848
Alle aldre,1495077,31202,2.1314661429425326
Under 25 år,230888,9289,4.191805919701803
