alder,Antall,Endring i antall,Endring i prosent
25-39 år,1021922,40549,4.1318642351073445
40-54 år,979051,21541,2.249689298284091
55-66 år,541645,19286,3.692096814642803
67 år eller eldre,64648,4867,8.141382713571202
Alle aldre,3099282,117810,3.9514038703029915
Under 25 år,492016,31567,6.855699545443686
