alder,Antall,Endring i antall,Endring i prosent
25-39 år,981375,40114,4.261729743397421
40-54 år,957519,18716,1.9936024916835586
55-66 år,522359,19195,3.8148595686495854
67 år eller eldre,59772,5327,9.78418587565433
Alle aldre,2981471,129131,4.527195215156678
Under 25 år,460446,45779,11.03994289393658
