målkjønn,2016,2017,2018,2019,2020,Sist år,Endring sist år,Endring siste fem år
Forskjell gjennomsnitt,86.43994834266036,87.08588309769993,87.47947454844007,87.77006937561943,87.52663180321518,87.52663180321518,-0.2434375724042468,1.0866834605548235
Forskjell gjennomsnittHeltid,87.71966527196653,88.55260448836731,89.08908908908909,89.38104448742746,89.28976199471099,89.28976199471099,-0.09128249271647348,1.5700967227444522
Forskjell median,92.87804878048782,93.45749761222541,93.78202142524454,94.27609427609428,93.70337867485739,93.70337867485739,-0.5727156012368937,0.8253298943695739
Forskjell medianHeltid,93.69369369369369,94.50523864959254,94.87063095778484,95.63213345039509,95.18613607188703,95.18613607188703,-0.44599737850805354,1.4924423781933456
