alder,Antall,Endring i antall,Endring i prosent
25-39 år,499910,5150,1.040908723421457
40-54 år,478908,118,0.02464546043150442
55-66 år,269191,6577,2.5044361686734145
67 år eller eldre,29964,1939,6.918822479928635
Alle aldre,1512800,17723,1.1854238945552638
Under 25 år,234827,3939,1.7060219673607984
