alder,Antall,Endring i antall,Endring i prosent
25-39 år,1015406,65270,6.869542886492039
40-54 år,982129,35605,3.7616584471180867
55-66 år,543041,24219,4.668074985255059
67 år eller eldre,68038,7598,12.571144937127729
Alle aldre,3037853,195350,6.872464162746706
Under 25 år,429239,62658,17.09253889317777
