innvandringskategori,Antall,Endring i antall,Endring i prosent
Alle,3129637,30357,0.9794855579360366
Ikke bosatte,99964,1648,1.6762276740306767
Innvandrere,586893,24002,4.264058227969536
Øvrige bosatte,2442780,4707,0.19306230781440917
