innvandringskategori,Antall,Endring i antall,Endring i prosent
Alle,3101975,79818,2.6410937618396395
Ikke bosatte,95375,13362,16.292538987721457
Innvandrere,571654,35494,6.6200387943897345
Øvrige bosatte,2434946,30962,1.2879453440621902
