alder,Antall,Endring i antall,Endring i prosent
25-39 år,494763,10456,2.1589611548047003
40-54 år,478790,3733,0.7858004407892105
55-66 år,262611,5941,2.314645264347216
67 år eller eldre,28025,1793,6.835163159499848
Alle aldre,1495074,31206,2.1317495839788836
Under 25 år,230885,9283,4.189041615147878
