alder,Antall,Endring i antall,Endring i prosent
25-39 år,536002,23187,4.5215136062712675
40-54 år,507454,12936,2.6158805139550028
55-66 år,284111,11967,4.397304368275619
67 år eller eldre,40001,3321,9.053980370774264
Alle aldre,1604650,67468,4.389070389843233
Under 25 år,237082,16057,7.264789051012328
