innvandringskategori,Antall,Endring i antall,Endring i prosent
Alle,3022156,125969,4.349477433604943
Ikke bosatte,82012,-197,-0.239633130192558
Innvandrere,536161,52129,10.769742496363877
Øvrige bosatte,2403983,74037,3.177627292649701
