alder,Antall,Endring i antall,Endring i prosent
25-39 år,531054,37304,7.555240506329114
40-54 år,508531,21488,4.411930774079496
55-66 år,284027,14806,5.4995709844328635
67 år eller eldre,41676,4575,12.331204010673567
Alle aldre,1570235,105382,7.194032438749827
Under 25 år,204947,27209,15.308487774139465
