alder,Antall,Endring i antall,Endring i prosent
25-39 år,538976,2971,0.5542858741989347
40-54 år,508001,553,0.108976683325188
55-66 år,292226,8115,2.856278004019556
67 år eller eldre,42883,2876,7.188741970155223
Alle aldre,1621374,16724,1.0422210450877138
Under 25 år,239288,2209,0.9317569249068877
