alder,Antall,Endring i antall,Endring i prosent
25-39 år,488064,13406,2.824349320984793
40-54 år,474559,6639,1.418832279022055
55-66 år,262644,7543,2.9568680640217013
67 år eller eldre,26740,1549,6.1490214759239405
Alle aldre,1473731,39679,2.766915007266124
Under 25 år,221724,10542,4.9919027189817315
