alder,Antall,Endring i antall,Endring i prosent
25-39 år,474658,22745,5.033048396483394
40-54 år,467920,10381,2.2688776257324514
55-66 år,255107,8306,3.3654644835312664
67 år eller eldre,25185,3820,17.87970980575708
Alle aldre,1434052,70662,5.182816362156096
Under 25 år,211182,25410,13.678056973063757
