Landsforening,2016,2017,2018,2019,2020,2016Y,2017Y,2018Y,2019Y,2020Y,Sist_aar_m,Sist_aar_y,Endring_m,Endring_y,Endring_m_pst,Endring_y_pst,Endring_m_pst_5,Endring_y_pst_5
Akademikerne i alt,199174,203102,208597,220005,231000,154586,159554,164519,172730,180000,231000,180000,10995,7270,4.997613690597941,4.208880912406646,15.978993242089832,16.440039848369192
Alle fagforeiningar,1813979,1831096,1857787,1904065,1941068,1249305,1259781,1268138,1299538,1314640,1941068,1314640,37003,15102,1.9433685299608994,1.162105302038109,7.0060899271711525,5.229707717490925
Andre fagforeiningar i alt,132873,125611,122109,130691,130387,98592,91630,89776,95711,95567,130387,95567,-304,-144,-0.23260974359366754,-0.15045292599596702,-1.870959487631046,-3.068200259655956
Landsorganisasjonen i Norge (LO) i alt,917122,925605,936711,952394,970054,588845,592624,598512,609346,615004,970054,615004,17660,5658,1.8542745964380287,0.9285364965060902,5.771533122092808,4.4424254260459035
UNIO Hovedorganisasjon for universitets- og høyskoleutdannede,349219,359054,367978,375181,380803,255545,259779,264215,268175,271733,380803,271733,5622,3558,1.4984767352291295,1.3267455952269973,9.044181444881293,6.334696433113542
Yrkesorganisasjonenes Sentralforbund i alt,215591,217724,222392,225794,228824,149411,150256,151116,153576,152336,228824,152336,3030,-1240,1.341931140774334,-0.8074178257019325,6.138011327003446,1.9576871850131516
