alder,Antall,Endring i antall,Endring i prosent
25-39 år,484314,21700,4.6907356889328895
40-54 år,475066,10775,2.320742810004932
55-66 år,256666,7532,3.023272616343012
67 år eller eldre,26228,2693,11.442532398555343
Alle aldre,1463873,65969,4.719136650299306
Under 25 år,221599,23269,11.73246609186709
