alder,Antall,Endring i antall,Endring i prosent
25-39 år,1038092,26486,2.618213019693438
40-54 år,993060,11801,1.2026386509575964
55-66 år,552597,16101,3.0011407354388475
67 år eller eldre,72107,4627,6.856846473029046
Alle aldre,3101975,79819,2.6411277247104388
Under 25 år,446119,20804,4.89143340817982
