innvandringskategori,Antall,Endring i antall,Endring i prosent
Alle,2712544,-331540,-10.891289465073895
Ikke bosatte,67640,-19181,-22.09258128793725
Innvandrere,400825,-161339,-28.699632135818014
Øvrige bosatte,2244079,-151020,-6.305376103451256
