alder,Antall,Endring i antall,Endring i prosent
25-39 år,1011606,42022,4.334023663756828
40-54 år,981270,19981,2.078563262452811
55-66 år,536496,18209,3.5133044047024136
67 år eller eldre,67475,5809,9.420101838938798
Alle aldre,3022156,125969,4.349477433604943
Under 25 år,425309,39948,10.366383728503923
