alder,Antall,Endring i antall,Endring i prosent
25-39 år,530807,13167,2.543659686268449
40-54 år,506174,7947,1.5950560688200357
55-66 år,288032,10808,3.898652353331602
67 år eller eldre,41528,3045,7.912584777694047
Alle aldre,1570358,45801,3.0042169626980164
Under 25 år,203817,10834,5.613965997004917
