innvandringskategori,Antall,Endring i antall,Endring i prosent
Alle,3113073,27444,0.8894134712889981
Ikke bosatte,86790,-1324,-1.50259890596273
Innvandrere,599872,20073,3.4620618524695628
Øvrige bosatte,2426411,8695,0.3596369466058048
