alder,Antall,Endring i antall,Endring i prosent
25-39 år,517643,28189,5.7592746202911815
40-54 år,498230,14083,2.908827277665668
55-66 år,277218,12463,4.707370965609715
67 år eller eldre,38486,4062,11.799907041598884
Alle aldre,1524557,77874,5.382934616636817
Under 25 år,192980,19077,10.96990851221658
