innvandringskategori,Antall,Endring i antall,Endring i prosent
Alle,3133402,31427,1.0131287325010678
Ikke bosatte,90969,-4406,-4.619659239842726
Innvandrere,597124,25470,4.455492308284382
Øvrige bosatte,2445309,10363,0.4255946538444795
