alder,Antall,Endring i antall,Endring i prosent
25-39 år,543329,16030,3.0400209368878
40-54 år,514270,8068,1.5938301310544012
55-66 år,289986,10160,3.630827728659953
67 år eller eldre,44082,2834,6.870636152055858
Alle aldre,1606901,48613,3.11964155534792
Under 25 år,215234,11521,5.655505539656281
