alder,Antall,Endring i antall,Endring i prosent
25-39 år,543887,561,0.1032529273401236
40-54 år,513446,-827,-0.16080953112451946
55-66 år,298386,8397,2.895627075509761
67 år eller eldre,47192,3107,7.04774866734717
Alle aldre,1620602,13704,0.8528232656957692
Under 25 år,217691,2466,1.1457776745266581
