innvandringskategori,Antall,Endring i antall,Endring i prosent
Alle,3153063,19661,0.6274649725761329
Ikke bosatte,88858,-2111,-2.3205707438797836
Innvandrere,615432,18308,3.066029836348899
Øvrige bosatte,2448773,3464,0.14165898870040555
