målkjønn,2017,2018,2019,2020,2021,Sist år,Endring sist år,Endring siste fem år
Forskjell gjennomsnitt,87.08588309769993,87.47947454844007,87.77006937561943,87.52663180321518,87.86073356916775,87.86073356916775,0.3341017659525676,0.7748504714678148
Forskjell gjennomsnittHeltid,88.55260448836731,89.08908908908909,89.38104448742746,89.28976199471099,89.6395580510777,89.6395580510777,0.3497960563667135,1.0869535627103915
Forskjell median,93.45749761222541,93.78202142524454,94.27609427609428,93.70337867485739,94.10023260731656,94.10023260731656,0.396853932459166,0.6427349950911463
Forskjell medianHeltid,94.50523864959254,94.87063095778484,95.63213345039509,95.18613607188703,95.39852095316351,95.39852095316351,0.2123848812764777,0.8932823035709703
