alder,Antall,Endring i antall,Endring i prosent
25-39 år,1043797,5711,0.5501470976393092
40-54 år,992354,-709,-0.07139526898092065
55-66 år,567577,14974,2.7097210836712793
67 år eller eldre,77156,5046,6.9976424906393015
Alle aldre,3133402,31427,1.0131287325010678
Under 25 år,452518,6405,1.4357348922806554
