alder,Antall,Endring i antall,Endring i prosent
25-39 år,543326,16033,3.0406244725418317
40-54 år,514273,8071,1.5944227798388784
55-66 år,289989,10163,3.6318998234617226
67 år eller eldre,44085,2837,6.877909231962762
Alle aldre,1606898,48616,3.1198460869085314
Under 25 år,215225,11512,5.65108755945865
