Landsforening,2017,2018,2019,2020,2021,2017Y,2018Y,2019Y,2020Y,2021,Sist_aar_m,Sist_aar_y,Endring_m,Endring_y,Endring_m_pst,Endring_y_pst,Endring_m_pst_5,Endring_y_pst_5
Akademikerne i alt,203102,208597,220005,231000,243293,159554,164519,172730,182355,198738,243293,198738,12293,16383,5.321645021645022,8.98412437278934,19.788579137576193,24.558456698045802
Alle fagforeiningar,1831096,1857787,1904065,1941068,1972868,1259781,1268138,1299538,1316995,1349251,1972868,1349251,31800,32256,1.6382733629115516,2.44921203193634,7.742466806764909,7.102028050907261
Andre fagforeiningar i alt,125611,122109,130691,130387,132669,91630,89776,95711,95567,98415,132669,98415,2282,2848,1.7501744805847208,2.9801081963439264,5.6189346474432975,7.404780093855725
Landsorganisasjonen i Norge (LO) i alt,925605,936711,952394,970054,978338,592624,598512,609346,615004,624734,978338,624734,8284,9730,0.8539730777874223,1.5821035310339446,5.697138628248551,5.418275331407436
UNIO Hovedorganisasjon for universitets- og høyskoleutdannede,359054,367978,375181,380803,388220,259779,264215,268175,271733,275277,388220,275277,7417,3544,1.9477262521566268,1.3042214232353082,8.123012137450077,5.965840194934925
Yrkesorganisasjonenes Sentralforbund i alt,217724,222392,225794,228824,230348,150256,151116,153576,152336,152087,230348,152087,1524,-249,0.6660140544698109,-0.16345446906837516,5.79816648600981,1.21858694494729
