alder,Antall,Endring i antall,Endring i prosent
25-39 år,1018871,26573,2.67792538128667
40-54 år,980733,14586,1.5097081500020184
55-66 år,550676,18351,3.4473301084863572
67 år eller eldre,68268,4594,7.214875773471119
Alle aldre,3044089,85480,2.889195564537254
Under 25 år,425541,21376,5.2889290265114495
