innvandringskategori,Antall,Endring i antall,Endring i prosent
Alle,3069554,25470,0.8367049003903966
Ikke bosatte,81804,-5017,-5.778555879337948
Innvandrere,586327,24163,4.298211909691833
Øvrige bosatte,2401423,6324,0.2640391900293057
