målkjønn,2019,2020,2021,2022,2023,Sist år,Endring sist år,Endring siste fem år
Forskjell gjennomsnitt,87.77006937561943,87.52663180321518,87.86073356916775,87.60888888888888,88.34510595358223,88.34510595358223,0.7362170646933492,0.5750365779628055
Forskjell gjennomsnittHeltid,89.38104448742746,89.28976199471099,89.6395580510777,89.46913366764655,90.2275331478147,90.2275331478147,0.7583994801681513,0.8464886603872372
Forskjell median,94.27609427609428,93.70337867485739,94.10023260731656,93.51833097022482,94.41575827117997,94.41575827117997,0.8974273009551439,0.13966399508568372
Forskjell medianHeltid,95.63213345039509,95.18613607188703,95.39852095316351,95.51854055125916,95.47991071428571,95.47991071428571,-0.03862983697345612,-0.15222273610937975
