innvandringskategori,Antall,Endring i antall,Endring i prosent
Alle,3101975,79819,2.6411277247104388
Ikke bosatte,95381,13369,16.3012729844413
Innvandrere,571657,35497,6.620598328857058
Øvrige bosatte,2434937,30953,1.2875709655305525
