alder,Antall,Endring i antall,Endring i prosent
25-39 år,512823,16725,3.3713097009058695
40-54 år,494524,7796,1.6017159481270853
55-66 år,272143,11234,4.305715785963689
67 år eller eldre,36671,2701,7.951133352958492
Alle aldre,1537183,57718,3.901275123101932
Under 25 år,221022,19262,9.546986518636002
