innvandringskategori,Antall,Endring i antall,Endring i prosent
Alle,2981471,129131,4.527195215156678
Ikke bosatte,75755,-8968,-10.585083153334987
Innvandrere,514252,44922,9.571516843159397
Øvrige bosatte,2391464,93177,4.054193405784395
