innvandringskategori,Antall,Endring i antall,Endring i prosent
Alle,3037853,195350,6.872464162746706
Ikke bosatte,85072,23688,38.58986054998045
Innvandrere,552467,72192,15.031388267138619
Øvrige bosatte,2400314,99470,4.3231961836613
